ID,Name,Address
1,Kathleen Mayer,Westmeath
2,Ashley Adams,Leitrim
3,Brenda Snyder,Dublin
4,Brenda Morrison,Kildare
5,Linda Ross,Waterford
6,Elizabeth Russell,Waterford
7,Haley Obrien,Galway
8,Stephanie Burton,Tipperary
9,Mark Manning,Louth
10,Andrew Mendez,Sligo
11,Kristin Barry,Meath
12,Jeremy Ware,Laois
13,Joshua Lopez,Wicklow
14,Mrs. Cindy Powell,Cork
15,Cindy Pineda,Clare
16,James Santos,Cork
17,Eric Hobbs,Mayo
18,Jennifer Garcia,Kilkenny
19,Susan Perkins,Roscommon
20,Michael Smith,Cavan
21,Lauren Rodriguez,Mayo
22,Daniel Dean,Leitrim
23,Heidi Smith,Clare
24,Brent Gray,Longford
25,Daniel Taylor,Offaly
26,David Moore,Kerry
27,Andrea Fox,Laois
28,Hayley Lewis,Roscommon
29,Levi Henry,Monaghan
30,Laura Cole,Clare
31,Bradley Lowe,Donegal
32,Mr. Joshua Horton,Longford
33,Whitney Calhoun,Galway
34,Jennifer Sellers,Louth
35,Christopher Scott,Kilkenny
36,Donna Lopez,Tipperary
37,Alexis Campbell,Donegal
38,Elizabeth Franco,Tipperary
39,Benjamin Myers,Galway
40,Jonathan Duncan,Clare
41,Jose Ruiz,Kerry
42,Kelsey Mullins,Carlow
43,Karen Martinez,Offaly
44,Mark Rodriguez,Cork
45,Karen Henderson,Roscommon
46,Matthew Bennett,Waterford
47,Samuel Glass,Offaly
48,Wanda Richards,Waterford
49,Ruben Cole,Limerick
50,Latoya Gibson,Mayo
51,Micheal Ortega,Longford
52,Kristen Dunlap,Limerick
53,Denise Roy,Offaly
54,Wendy Pollard,Carlow
55,Rickey Hanson,Wexford
56,Gloria Peterson,Carlow
57,Tammy Sullivan,Meath
58,Francis Brown,Offaly
59,Shannon Horne,Louth
60,Bryce Stewart,Cavan
61,Misty Medina,Louth
62,Anna Ruiz,Donegal
63,Jessica Ray,Mayo
64,Deborah Arnold,Clare
65,Jessica White,Meath
66,Jenny Norman,Wexford
67,David Burch,Dublin
68,Amanda Alvarado,Waterford
69,Connie Howard,Mayo
70,Mary Nunez,Mayo
71,Edward Fisher,Mayo
72,Jill Johnson,Monaghan
73,Mr. Michael Tate,Clare
74,Stephanie Ponce,Wexford
75,Todd Gonzalez,Waterford
76,Amanda Wise,Monaghan
77,Tasha Lee,Cork
78,Jacqueline Butler,Louth
79,Shannon Rich,Louth
80,Michael Arias Jr.,Leitrim
81,Adam Lowe,Clare
82,Scott Campbell,Kerry
83,Tina Ford,Sligo
84,Mario Matthews,Dublin
85,David Morton,Meath
86,Susan Campbell,Westmeath
87,Sherri Jordan,Carlow
88,Laura Nguyen,Laois
89,Kevin Rivera,Clare
90,Jaclyn Church,Leitrim
91,Jason Frazier,Meath
92,Gina Meyer,Roscommon
93,Roy Brown,Leitrim
94,Andrew Foster,Tipperary
95,Kelly Stout,Carlow
96,Jason Ferguson,Laois
97,Daniel Michael,Laois
98,Emma Rivera,Westmeath
99,Katrina Martin,Clare
100,Dominique Russo,Westmeath
